species,family,infraorder,Fweight,Mweight,PrecSeas,TempSeas
Allochrocebus lhoesti,Cercopithecidae,Catarrhini,3450,5970,3.728122498,3.422622658
Alouatta belzebul,Atelidae,Platyrrhini,5520,7270,4.141335903,3.82981464
Alouatta caraya,Atelidae,Platyrrhini,4330,6420,3.71492797,6.012463227
Alouatta guariba,Atelidae,Platyrrhini,4350,6730,4.002804263,5.432150513
Alouatta palliata,Atelidae,Platyrrhini,4855,6023,4.118833775,4.350149459
Alouatta pigra,Atelidae,Platyrrhini,5680,7600,4.039317749,5.198272761
Alouatta seniculus,Atelidae,Platyrrhini,5210,6690,3.876848953,3.861758989
Aotus azarae,Aotidae,Platyrrhini,1246,1254,4.001809465,5.457900759
Aotus lemurinus,Aotidae,Platyrrhini,874,918,3.565610439,3.524940948
Aotus nancymaae,Aotidae,Platyrrhini,780,794,3.257270755,3.746673518
Aotus nigriceps,Aotidae,Platyrrhini,875,1040,3.803981065,4.389842967
Aotus trivirgatus,Aotidae,Platyrrhini,736,813,3.753804647,3.913195772
Aotus vociferans,Aotidae,Platyrrhini,698,708,2.957441576,3.9597343
Ateles belzebuth,Atelidae,Platyrrhini,7850,8290,3.079430197,4.01617781
Ateles fusciceps,Atelidae,Platyrrhini,9160,8890,3.985413835,3.690711214
Ateles geoffroyi,Atelidae,Platyrrhini,7290,7780,4.077242808,5.197865697
Ateles paniscus,Atelidae,Platyrrhini,8440,9110,3.90043536,3.97135572
Brachyteles arachnoides,Atelidae,Platyrrhini,8400,9600,3.856519473,5.631947324
Callithrix aurita,Callitrichidae,Platyrrhini,432,453,4.232731827,5.463187301
Callithrix geoffroyi,Callitrichidae,Platyrrhini,190,290,3.906280766,5.273628336
Callithrix jacchus,Callitrichidae,Platyrrhini,322,318,4.140937531,4.955944286
Callithrix penicillata,Callitrichidae,Platyrrhini,307,344,4.21548657,5.403301888
Cebus albifrons,Cebidae,Platyrrhini,2290,3180,3.837374797,3.693819852
Cebus capucinus,Cebidae,Platyrrhini,2540,3680,4.064652208,3.774730894
Cebus olivaceus,Cebidae,Platyrrhini,2520,3290,3.917788443,4.00191491
Cercocebus agilis,Cercopithecidae,Catarrhini,5405,8807,3.875956345,4.252202436
Cercocebus torquatus,Cercopithecidae,Catarrhini,6560,13480,4.323228847,4.987478507
Cercopithecus ascanius,Cercopithecidae,Catarrhini,2920,3700,3.719483252,3.975563939
Cercopithecus campbelli,Cercopithecidae,Catarrhini,2700,4500,4.208802555,4.356804972
Cercopithecus cephus,Cercopithecidae,Catarrhini,2880,4290,4.165991481,4.527028492
Cercopithecus diana,Cercopithecidae,Catarrhini,3900,5200,3.870891973,4.274270483
Cercopithecus erythrotis,Cercopithecidae,Catarrhini,3100,3700,4.132469371,4.481133315
Cercopithecus mitis,Cercopithecidae,Catarrhini,3929,5849,4.379562741,4.886361384
Cercopithecus mona,Cercopithecidae,Catarrhini,3700,4768,4.157498284,4.771248071
Cercopithecus neglectus,Cercopithecidae,Catarrhini,4130,7350,3.798805471,4.164098812
Cercopithecus nictitans,Cercopithecidae,Catarrhini,4092,6715,4.135262927,4.467012718
Cercopithecus petaurista,Cercopithecidae,Catarrhini,2900,4400,4.114034323,4.647600093
Cercopithecus pogonias,Cercopithecidae,Catarrhini,2940,4442,4.088918126,4.454640151
Cercopithecus wolfi,Cercopithecidae,Catarrhini,2870,3910,3.442063443,3.885378681
Chlorocebus aethiops,Cercopithecidae,Catarrhini,2980,4260,4.311697557,4.587048681
Chlorocebus pygerythrus,Cercopithecidae,Catarrhini,2740,4210,4.328194149,5.602825318
Chlorocebus sabaeus,Cercopithecidae,Catarrhini,3300,5300,4.997190932,5.027785761
Colobus angolensis,Cercopithecidae,Catarrhini,7570,9680,4.553526922,4.383870008
Colobus guereza,Cercopithecidae,Catarrhini,8237,10066,3.838426846,4.320531979
Colobus polykomos,Cercopithecidae,Catarrhini,8300,9900,3.895723253,4.340949432
Colobus satanas,Cercopithecidae,Catarrhini,7420,10400,4.268711199,4.648991974
Colobus vellerosus,Cercopithecidae,Catarrhini,6900,8500,4.184274578,4.884027885
Erythrocebus patas,Cercopithecidae,Catarrhini,6500,12400,4.731703482,5.36285286
Gorilla beringei,Hominidae,Catarrhini,97500,162500,3.667389159,3.238858624
Gorilla gorilla,Hominidae,Catarrhini,71500,170400,4.149171062,4.522224775
Hylobates agilis,Hylobatidae,Catarrhini,5820,5880,3.782784718,4.019384819
Hylobates lar,Hylobatidae,Catarrhini,5340,5900,4.342694084,4.822778733
Hylobates moloch,Hylobatidae,Catarrhini,6250,6580,3.256430375,3.50881997
Hylobates muelleri,Hylobatidae,Catarrhini,5350,5710,3.242239072,3.38599464
Hylobates pileatus,Hylobatidae,Catarrhini,5400,5500,4.340449999,5.237652194
Lagothrix lagothricha,Atelidae,Platyrrhini,7020,7280,3.116743093,3.872277209
Lophocebus aterrimus,Cercopithecidae,Catarrhini,5760,7840,3.669165052,3.833240972
Macaca arctoides,Cercopithecidae,Catarrhini,8400,12200,4.400094296,4.769510327
Macaca assamensis,Cercopithecidae,Catarrhini,6900,11300,4.559764113,6.09580473
Macaca cyclopis,Cercopithecidae,Catarrhini,6690,10120,4.284694368,5.920456658
Macaca fascicularis,Cercopithecidae,Catarrhini,3590,5360,3.840148314,3.951397028
Macaca fuscata,Cercopithecidae,Catarrhini,8800,11800,3.861490514,6.776097479
Macaca hecki,Cercopithecidae,Catarrhini,6800,11220,2.901030029,3.218941359
Macaca maura,Cercopithecidae,Catarrhini,5565,7859,4.283745958,3.939561546
Macaca mulatta,Cercopithecidae,Catarrhini,5340,7700,4.763354045,6.260676605
Macaca nemestrina,Cercopithecidae,Catarrhini,6500,11200,3.315714391,3.822293454
Macaca nigra,Cercopithecidae,Catarrhini,5470,9890,3.373833697,3.434285383
Macaca ochreata,Cercopithecidae,Catarrhini,6388,10140,3.941769562,4.168482523
Macaca radiata,Cercopithecidae,Catarrhini,3850,6670,4.431938689,4.926464865
Macaca silenus,Cercopithecidae,Catarrhini,6100,8900,4.371663329,4.807547666
Macaca sinica,Cercopithecidae,Catarrhini,3200,5680,4.213615651,4.577470983
Macaca thibetana,Cercopithecidae,Catarrhini,12800,18300,4.441048878,6.505410389
Mandrillus leucophaeus,Cercopithecidae,Catarrhini,8500,20000,4.205149254,4.50550209
Mandrillus sphinx,Cercopithecidae,Catarrhini,12900,31600,4.177241984,4.55780753
Mico argentatus,Callitrichidae,Platyrrhini,355,348,4.208209841,4.195022271
Nasalis larvatus,Cercopithecidae,Catarrhini,9820,20400,3.261641145,3.803867926
Nomascus concolor,Hylobatidae,Catarrhini,7620,7790,4.426024246,6.037448902
Nomascus leucogenys,Hylobatidae,Catarrhini,7320,7410,4.4085047,5.837081724
Pan paniscus,Hominidae,Catarrhini,33000,41500,3.664744225,3.831819911
Pan troglodytes,Hominidae,Catarrhini,31300,39000,3.8770677,4.258523495
Papio anubis,Cercopithecidae,Catarrhini,12200,21100,4.520015078,5.048007399
Papio cynocephalus,Cercopithecidae,Catarrhini,11900,25800,4.498212868,5.040744931
Papio hamadryas,Cercopithecidae,Catarrhini,9900,16900,4.280565182,5.399848308
Papio papio,Cercopithecidae,Catarrhini,12000,23000,4.919652307,5.318500793
Papio ursinus,Cercopithecidae,Catarrhini,14800,29800,4.333193702,5.80689136
Piliocolobus badius,Cercopithecidae,Catarrhini,8210,8360,4.037716094,4.460876303
Piliocolobus kirkii,Cercopithecidae,Catarrhini,6800,7000,4.569229719,4.883025049
Piliocolobus tephrosceles,Cercopithecidae,Catarrhini,7500,11000,3.795326215,3.688249735
Pongo abelii,Hominidae,Catarrhini,35600,77900,3.35675339,3.723715632
Pongo pygmaeus,Hominidae,Catarrhini,35800,78500,3.229954478,3.794420675
Presbytis comata,Cercopithecidae,Catarrhini,6710,6680,3.545620838,3.567564742
Presbytis melalophos,Cercopithecidae,Catarrhini,6470,6590,3.652119639,3.314041868
Procolobus verus,Cercopithecidae,Catarrhini,4200,4630,4.075437804,4.57530047
Rhinopithecus bieti,Cercopithecidae,Catarrhini,9100,15300,4.158618309,6.344480951
Rhinopithecus roxellana,Cercopithecidae,Catarrhini,8428,14908,4.296978456,6.658150678
Saguinus bicolor,Callitrichidae,Platyrrhini,430,428,3.890635561,3.934766189
Saguinus geoffroyi,Callitrichidae,Platyrrhini,502,482,4.161262053,4.227700114
Saguinus imperator,Callitrichidae,Platyrrhini,475,474,3.873992014,4.473357635
Saguinus leucopus,Callitrichidae,Platyrrhini,490,494,3.51253347,3.659128743
Saguinus midas,Callitrichidae,Platyrrhini,575,515,3.81255196,4.065637544
Saguinus mystax,Callitrichidae,Platyrrhini,539,510,3.392874587,3.778362123
Saguinus niger,Callitrichidae,Platyrrhini,505,474,4.174749722,3.832534438
Saguinus oedipus,Callitrichidae,Platyrrhini,404,418,4.113685342,3.797091535
Saimiri boliviensis,Cebidae,Platyrrhini,711,911,3.98805509,4.625018439
Saimiri oerstedii,Cebidae,Platyrrhini,680,897,4.116729507,4.332941317
Saimiri sciureus,Cebidae,Platyrrhini,662,779,3.892464152,4.012322618
Saimiri ustus,Cebidae,Platyrrhini,799,921,3.884333468,3.926235709
Sapajus apella,Cebidae,Platyrrhini,2520,3650,3.921963931,4.218179497
Semnopithecus entellus,Cercopithecidae,Catarrhini,11700,16900,4.982630248,6.222986718
Symphalangus syndactylus,Hylobatidae,Catarrhini,10700,11900,3.373170407,3.992601247
Theropithecus gelada,Cercopithecidae,Catarrhini,11700,19000,4.712661978,4.973173588
Trachypithecus cristatus,Cercopithecidae,Catarrhini,5760,6610,3.266941734,3.802476563
Trachypithecus delacouri,Cercopithecidae,Catarrhini,7800,8600,4.484333921,6.13486358
Trachypithecus obscurus,Cercopithecidae,Catarrhini,6260,7900,4.10710931,4.229438933
Trachypithecus phayrei,Cercopithecidae,Catarrhini,6300,7870,4.399362732,5.967169181
Trachypithecus pileatus,Cercopithecidae,Catarrhini,9860,12000,4.451351914,6.09215629
